"452940836502646785";"Mon Apr 07 00:48:05 CEST 2014";"Illinois";"@Illinews";"0";"0";"STL";"PR:";"Frances";"Rwandan";"Genocide-Hunter:";"Dafroza";"Gauthier";""
"452940827137175552";"Mon Apr 07 00:48:03 CEST 2014";"Montfaucon Gibbet, Paris";"@VarkhonKinerosi";"0";"0";"@_Kabouka_";"Cest";"surtout";"chiant";"et";"quand";"même";"un";"peu";"larnaque";"Dosbox";"un";"émulateur";"en";"fait";"";"";""
"452940823680667648";"Mon Apr 07 00:48:02 CEST 2014";"Illinois";"@MetroEastAlive";"0";"0";"STL";"PR:";"Frances";"Rwandan";"Genocide-Hunter:";"Dafroza";"Gauthier";""
"452940783227011073";"Mon Apr 07 00:47:52 CEST 2014";"Dar Beïda";"@AliShykanos";"0";"32";"RT";"@MarocTopNews:";"La";"différence";"entre";"le";"#Maroc";"et";"la";"France";"";"Mdrr";":D";""
"452940782941384704";"Mon Apr 07 00:47:52 CEST 2014";"France";"@FlashPresse";"0";"0";"France:";"un";"adolescent";"inculpé";"pour";"le";"meurtre";"d’une";"fillette";"de";"12";"ans";""
"452940779213062144";"Mon Apr 07 00:47:51 CEST 2014";"";"@MottinOrlane";"0";"1";"RT";"@Barachette:";"Léquipe";"de";"France";"de";"handball";"est";"vraiment";"la";"meilleure";"@Barachet4Xavier";"@JrmeFernandez";"@ValHand";"@lucabalo";"@samuelhonrubia…"
"452940776750997504";"Mon Apr 07 00:47:51 CEST 2014";"";"@aurelien362";"0";"18";"RT";"@KarimaB_:";"Ces";"types";"ont";"un";"problème";"psychologique";"@NasNacera:";"Pr";"@LDJ_France";"la";"Shoah";"est";"moins";"grave";"que";"les";"mariages";"mixtes";"http://t…"
"452940757268434944";"Mon Apr 07 00:47:46 CEST 2014";"";"@redhot4ili";"0";"15";"RT";"@FrancoisArielle:";"C";"ministre";"ÇA?et";"ose";"dire";":Racines";"chrétiennes";"=";"histoire";"frelatée";"&";"France";"nauséeuseDIFFAMATION?SCANDALEUX?http…"
"452940746652655617";"Mon Apr 07 00:47:43 CEST 2014";"Gerland";"@Frankii_D";"0";"0";"@LilRen_69";"on";"ferrait";"peut";"être";"mieux";"de";"recruter";"a";"létranger";"Lille";"a";"fait";"un";"bon";"coup";"avec";"Kjaer";"en";"France";"les";"bon";"défenseur";"sont";"chère"
"452940715568668672";"Mon Apr 07 00:47:36 CEST 2014";"france";"@isakl68";"0";"0";"@Natasha_StPier";"on";"peut";"t";"en";"donner";"nous";"des";"artistes";"des";"vieux";"comme";"des";"nouveaux";"!";"Moi";"j";"aimerai";"revoir";"France";"Gall"
"452940711672176640";"Mon Apr 07 00:47:35 CEST 2014";"France";"@bisoubinours";"0";"0";"Regarde!ÉmiratsArabie";"achetez";"d";"Airbus!";"achetez";"Fra";"";"En";"Fra";"on";"confond";"étranger&délinquant";"émigré&terroriste!"
"452940706189828096";"Mon Apr 07 00:47:34 CEST 2014";"USA";"@ilham24877501";"0";"0";"#Z_2";"une";"petite";"histoire";"pour";"mieux";"comprendre";"lIslam";"";"#France";"#par"
"452940690281209856";"Mon Apr 07 00:47:30 CEST 2014";"Puteaux (92)";"@Jeremy_Merat";"0";"0";"@MarkAlexvnder";"Si";"mais";"en";"jeune";"après";"15ans";"ya";"plus";"et";"les";"mecs";"des";"centres";"de";"formation";"équipe";"de";"France";"et";"tout";"ils";"viennent";"voir";"ça"
"452940689261621249";"Mon Apr 07 00:47:30 CEST 2014";"#AUTOFOLLOWBACK";"@BonBlagToTo";"0";"0";"Top";"10";"en";"France";":";"6)";"Marseille";"48pts";"-";"7)";"Bordeaux44pts";"-";"8)";"Toulouse";"44pts";"-";"9)";"Reims";"44pts";"-";"10)Bastia";"41pts"
"452940673696923648";"Mon Apr 07 00:47:26 CEST 2014";"";"@Actu_France";"0";"0";"Pour";"ses";"20";"ans";"le";"Sidaction";"collecte";"5";"millions";"deuros";"de";"promesses";"de";"dons";""
"452940656835846144";"Mon Apr 07 00:47:22 CEST 2014";"Seattle  WA";"@KellenKleinfe";"0";"0";"New:";"Cest";"le";"printemps";"les";"collines";"se";"parent";"de";"fleurs";"Youpi!!";"#flower";"#nature";"#provence";"#france";"#inst";""
"452940645989384192";"Mon Apr 07 00:47:19 CEST 2014";"King Of Pop";"@FeimM";"0";"0";"Genre";"Selena";"Gomez";"cest";"un";"peu";"comme";"lAmel";"Bent";"de";"la";"France";"aux";"states"
"452940641149124608";"Mon Apr 07 00:47:18 CEST 2014";"";"@JulieBrnard";"0";"73";"RT";"@SabDelannoy:";"Jour";"de";"match";"à";"Angers";"!";"France";"-";"Kazakhstan";"pour";"une";"qualification";"en";"Coupe";"du";"monde";"2015";"!";"RDV";"20h50";"sur";"@D17TV";"http://t…"
"452940633553248258";"Mon Apr 07 00:47:16 CEST 2014";"      LYN -FR +33";"@aubrey_ng";"0";"0";"@Wildie_B";"viens";"on";"quitte";"la";"France";"ensemble"
"452940627135954944";"Mon Apr 07 00:47:15 CEST 2014";"Paris, France";"@yanness77";"0";"6";"RT";"@ffhandball:";"Claude";"Onesta";"remet";"un";"maillot";"de";"léquipe";"de";"France";"à";"Ulrik";"Wilbek";"(Stéphane";"Pillaud/Sportissimo)";""
"452940612678193153";"Mon Apr 07 00:47:11 CEST 2014";"France";"@WWE_Fr";"0";"1";"RT";"@RemBzhGone:";"@PhilippeChereau";"@WWE_Fr";"vraiment";"la";"classe";"fier";"de";"vous";"avoir";"comme";"commentateurs";"pour";"la";"France";"!!!";"Profitez";"bien";"!!!";"#P…"
"452940602238570496";"Mon Apr 07 00:47:09 CEST 2014";"";"@MartineCarret";"0";"0";"@Rosie";"@GameOfThrones";"Un";"jour";"à";"attendre";"Paris";"FRANCE";"grrr";"One";"day";"to";"wait";"in";"France";"JALOUS";"i";"am"
"452940600548294656";"Mon Apr 07 00:47:09 CEST 2014";"";"@Jo_Dms";"0";"0";"En";"France";"pour";"être";"raciste";"il";"faut";"obligatoirement";"être";"blanc";"Nest-ce";"pas";"une";"forme";"de";"racisme";"que";"de";"stigmatiser";"les";"blancs";"?"
"452940592600080386";"Mon Apr 07 00:47:07 CEST 2014";"";"@NadimPothier";"0";"6";"RT";"@tibeoh:";"Douce";"France";"#M6";"#EnqueteExclusive";"#EE";""
"452940571246882816";"Mon Apr 07 00:47:02 CEST 2014";"";"@Gaetan_Perrier";"0";"0";"Soir";"3";"du";"dimanche";"6";"avril";"2014";""
"452940570089254912";"Mon Apr 07 00:47:01 CEST 2014";"18 ans ";"@pierrelec59";"0";"2";"RT";"@Its_Doby:";"@PhilippeChereau";"@CAgiusILD";"Premiers";"commentateurs";"français";"à";"#Wrestlemania";"montrez";"leur";"comme";"la";"France";"fait";"ça";"!";"#PPVAB1"
"452940561520263170";"Mon Apr 07 00:46:59 CEST 2014";"Nantes/Nimes";"@SinhWayne";"0";"0";"Les";"roms";"now";"les";"gens";"du";"voyages";"M6";"nous";"montre";"comment";"la";"France";"ce";"fait";"manger";"tout";"cru";"du";"a";"trop";"de";"faiblesse";"#EnquêteExclusive"
"452940558508752897";"Mon Apr 07 00:46:59 CEST 2014";"";"@ImBadBigBitch";"0";"0";"Il";"faut";"vraiment";"que";"mon";"#Twitter";"fait";"le";"tour";"du";"monde!";"de";"la";"France";"déjà"
"452940554612277249";"Mon Apr 07 00:46:58 CEST 2014";"France";"@Thatsomeshit1";"0";"2";"RT";"@Ti_nounou:";"@Maria_GMSC";"@mehdiamzgh";"la";"France";"le";"pays";"du";"froid";"de";"lhomme"
"452940534731259904";"Mon Apr 07 00:46:53 CEST 2014";"Annecy (74)";"@OeX_HadesFR";"0";"0";"@KaeSo__";"@ESB_France";"Merci";"a";"toi";"jai";"rejoins";"le";"roster";"@OeX_DerezzeD";"entre";"temps";")"
"452940517291331584";"Mon Apr 07 00:46:49 CEST 2014";"";"@Maria_GMSC";"0";"2";"RT";"@Ti_nounou:";"@Maria_GMSC";"@mehdiamzgh";"la";"France";"le";"pays";"du";"froid";"de";"lhomme"
"452940514829271040";"Mon Apr 07 00:46:48 CEST 2014";"";"@DickJays";"0";"59";"RT";"@realmadrid_fra:";"Sans";"le";"savoir";"#Cristiano";"a";"fait";"quelque";"chose";"dincroyable";"pour";"le";"jeune";"David";"14";"ans";"lhistoire";":";"http://tco/461…"
"452940510554902530";"Mon Apr 07 00:46:47 CEST 2014";"Ü.T: 48.866747,2.307372";"@Kazi_France";"0";"0";"#Suisse";"?";"Suisse/Allemagne:";"Des";"fonds";"néonazis";"sur";"un";"compte";"PostFinance:";"Létablissement";"financier";"de";"La";"Post";""
"452940489176915968";"Mon Apr 07 00:46:42 CEST 2014";"";"@Aliicee80";"0";"73";"RT";"@SabDelannoy:";"Jour";"de";"match";"à";"Angers";"!";"France";"-";"Kazakhstan";"pour";"une";"qualification";"en";"Coupe";"du";"monde";"2015";"!";"RDV";"20h50";"sur";"@D17TV";"http://t…"
"452940480964083712";"Mon Apr 07 00:46:40 CEST 2014";"in hell";"@hunksgirl";"0";"2975";"RT";"@Footy_Jokes:";"France";"2002";""
"452940449083162624";"Mon Apr 07 00:46:32 CEST 2014";"Haiti";"@NetPlezi";"0";"0";"Top";"10";"en";"France";":";"6)";"Marseille";"48pts";"-";"7)";"Bordeaux";"44pts";"-";"8)";"Toulouse";"44pts";"-";"9)";"Reims";"44pts";"-";"10)";"Bastia";"41pts"
"452940448437641216";"Mon Apr 07 00:46:32 CEST 2014";"In my office";"@Ti_nounou";"1";"2";"@Maria_GMSC";"@mehdiamzgh";"la";"France";"le";"pays";"du";"froid";"de";"lhomme"
"452940437196505088";"Mon Apr 07 00:46:30 CEST 2014";"";"@Gaetan_Perrier";"0";"0";"Soir";"3";"du";"dimanche";"6";"avril";"2014";""
"452940426451095552";"Mon Apr 07 00:46:27 CEST 2014";"france";"@vZ_Laztek";"0";"0";"@DjorKaF_";"Tu";"veut";"refaire";"France";"98";"?"
"452940417487880192";"Mon Apr 07 00:46:25 CEST 2014";"MASSY 91";"@corentin91300";"0";"935";"RT";"@lesxviezvous:";"Le";"verbe";"Zlataner";"inventé";"en";"France";"a";"fait";"son";"entrée";"officielle";"dans";"le";"dictionnaire";"suédois"
"452940411519381504";"Mon Apr 07 00:46:23 CEST 2014";"Suresnes ";"@alspo92";"0";"0";"@AdrienDLPBR";"ils";"finances";"des";"camps";"de";"Français";"en";"France?";"Je";"dis";"ça";"au";"hasard"
"452940403726381056";"Mon Apr 07 00:46:22 CEST 2014";" Constantine . Algeria";"@25_primrose";"0";"0";"COOL@sjssqfv";"ils";"habite";"en";"france";"et";"enflammé";"le";"pays";"les";"fils";"des";"pieds";"noir";"ne";"peuvent";"rien";"faire";"les";"algériens";"ont";"confiance";"a";"boutf";"et"
"452940398810660864";"Mon Apr 07 00:46:21 CEST 2014";"France";"@francoismendy1";"0";"1";"RT";"@Boubaakary:";"Les";"#Roms";"viennent";"de";"Roumanie";"et";"de";"Bulgarie";"mais";"leurs";"propres";"pays";"ne";"les";"acceptent";"pas";"La";"faute";"à";"la";"France";"?";"#enquete…"
"452940396491206657";"Mon Apr 07 00:46:20 CEST 2014";"La Ville Rose ";"@Poupiiyah";"1";"0";"@Graavos";"sud";"de";"la";"France";"!"
"452940395170000896";"Mon Apr 07 00:46:20 CEST 2014";"Neverland";"@OpaqueBlanc_";"0";"34";"RT";"@NinaNgn:";"ahhhh";"faites";"des";"salles";"de";"ciné";"comme";"ca";"en";"France";"svp";""
"452940379789070336";"Mon Apr 07 00:46:16 CEST 2014";"Canada";"@jamesgreid";"0";"0";"Frances";"Rwandan";"Genocide-Hunter:";"Dafroza";"Gauthier";""
"452940371002413056";"Mon Apr 07 00:46:14 CEST 2014";"Caen";"@MartineDenis4";"0";"5";"RT";"@Mukasonga:";"Demain";"avec";"Patrick";"Cohen";"@franceinter";":";"LE";"7/9";"|Spéciale";"Rwanda";"";"@Gallimard";"#direct";"#Kigali";"#Rwanda"
"452940369601519616";"Mon Apr 07 00:46:14 CEST 2014";"Ain";"@samsenx";"0";"0";"#Rwanda";"quand";"les";"politiques";"de";"droite";"et";"de";"gauche";"oublient";"la";"souffrance";"pour";"soccuper";"du";"jeu";"politique";"cest";"une";"honte";"pour";"la";"France!"
"452940367420461056";"Mon Apr 07 00:46:13 CEST 2014";"";"@Sahraouii94";"0";"32";"RT";"@MarocTopNews:";"La";"différence";"entre";"le";"#Maroc";"et";"la";"France";"";"Mdrr";":D";""
"452940366509903872";"Mon Apr 07 00:46:13 CEST 2014";"México";"@marsolei22_07";"0";"0";"#EmycetLlevameAFrancia";"Parce";"que";"Jadore";"La";"france";"!"
"452940359082209280";"Mon Apr 07 00:46:11 CEST 2014";"";"@KrapsKash";"0";"0";"@Poupiiyah";"ou";"en";"france"
"452940348243705857";"Mon Apr 07 00:46:08 CEST 2014";"Worldwide";"@Koran_Inggris";"0";"0";"Frances";"Rwandan";"Genocide-Hunter:";"Dafroza";"Gauthier";""
"452940342258851840";"Mon Apr 07 00:46:07 CEST 2014";"Figanières (var)";"@stephperrot83";"0";"2";"RT";"@NicoDenz:";"2nd";"in";"the";"general";"classement";"of";"Tour";"de";"lArtois";"Coup";"de";"France";"DN1";"with";"only";"4";"seconds";"down";"to";"the…";""
"452940290270441472";"Mon Apr 07 00:45:55 CEST 2014";"Yerevan";"@MarieeArm";"0";"122";"RT";"@DylanBale11:";"16";"ans";"aux";"Etats-Unis:";"permis";"";"grosse";"voiture";"";"futur";"joueur";"NBA16";"ans";"en";"France:";"ASSR1";"ASSR2";"Brevet";"des";"collèges";"";"T…"
"452940287510609920";"Mon Apr 07 00:45:54 CEST 2014";"Somewhere Only We Know";"@Lyonnaise971";"0";"2";"RT";"@Gege_BZH:";"Franchement";"si";"la";"France";"rencontre";"cet";"USA";"là";"Ce";"ne";"sera";"même";"pas";"drôle";"Trop";"facile";"pour";"la";"France"
"452940276625965057";"Mon Apr 07 00:45:51 CEST 2014";"Paris";"@MBrissaud";"5";"1";"Château";"La";"Borie";"-";"France";"";"you";"like";"it";"RT";"#b&w";"#photography";"#lomography";""
"452940263040638976";"Mon Apr 07 00:45:48 CEST 2014";"";"@fccl3";"0";"0";"Vide";"Grenier:";"DIMANCHE";"13";"Avril";"Plus";"dinfos";"sur";"le";"site";"";"";"";"";"";"#videgrnier";"#tarn";"#France";"#foot";""
"452940257726853120";"Mon Apr 07 00:45:47 CEST 2014";"";"@MelGuccii";"1";"1";"Pour";"qui";"ils";"se";"prennent";"sérieux";"et";"les";"forces";"de";"lordre";"que";"font";"il";"?";"Rien";"il";"se";"chie";"dessus";"Et";"ça";"cest";"la";"France";"#enquêteexclusive";"#m6"
"452940255801659392";"Mon Apr 07 00:45:46 CEST 2014";"France";"@francoismendy1";"0";"3";"RT";"@bruno__1982:";"propagande";"ignoble";"des";"médias";"Français";"anti";"#romsLa";"majorité";"est";"en";"France";"car";":1)";"chassé";"par";"lextrème";"droite2)";"enrolé…"
"452940249942228992";"Mon Apr 07 00:45:45 CEST 2014";"";"@franckdelreal";"0";"4";"RT";"@LaurentVimont:";"Axel";"de";"Tarlé";"et";"C";"à";"dire avec";"@LaurentVimont";"";" :";"un";"record";"d’audience";"";"";"via";"@toutelatele"
"452940242006605824";"Mon Apr 07 00:45:43 CEST 2014";"Montréal - Martinique - France";"@acqua_di_mare";"0";"0";"@2CV_verte";"bah";"cest";"comme";"les";"coco";"français";"qui";"sont";"pro";"Kim";"Jung";"Un";"en";"restant";"bien";"planqués";"en";"France";"Ce";"sont";"des";"faux-culs"
"452940236503257088";"Mon Apr 07 00:45:42 CEST 2014";"Lyon";"@E_veilleur_";"0";"0";"Depuis";"un";"an";"les";"#Veilleurs";"font";"humblement";"un";"peu";"partout";"en";"France";"et";"ailleurs";"léloge";"de";"la";"finitude>";"#8avril"
"452940206329450496";"Mon Apr 07 00:45:35 CEST 2014";"";"@DirtyUsedPanty";"0";"0";"#france";"forum:";"Petite";"nouvelle:";"Coucou";"tout";"le";"monde";"ça";"fait";"3";"semaines";"que";"je";"me";"suis";"inscrite";"";"";"#usedpanties"
"452940197991546880";"Mon Apr 07 00:45:33 CEST 2014";"NORD";"@LAURENTTOULOTTE";"0";"0";"@dupontaignan";"bon";"rétablissement";"monsieur";"Vous";"navez";"jamais";"eu";"la";"place";"que";"vous";"méritiez";"historiquement";"en";"France"
"452940188516630528";"Mon Apr 07 00:45:30 CEST 2014";"";"@Joroborus";"0";"4";"RT";"@WWE_Fr:";"“@Marie_Laure74:";"@PhilippeChereau";"@WWE_Fr";"Jen";"ai";"rêvé";"Vous";"lavez";"fait";"!";"Enjoy!!!";"Toute";"la";"France";"est";"derrière";"vous”";"#P…"
"452940184204902400";"Mon Apr 07 00:45:29 CEST 2014";"France";"@GrandMasterSyko";"0";"2";"RT";"@Its_Doby:";"@PhilippeChereau";"@CAgiusILD";"Premiers";"commentateurs";"français";"à";"#Wrestlemania";"montrez";"leur";"comme";"la";"France";"fait";"ça";"!";"#PPVAB1"
"452940178600890368";"Mon Apr 07 00:45:28 CEST 2014";"";"@bricoleur50";"0";"0";"“@beaudoin_france:";"Le";"film";"12";"years";"a";"slave:";"bouleversant”Est-ce";"que";"je";"dois";"acheter";"le";"DVD";"ou";"simplement";"le";"louer?"
"452940164802027520";"Mon Apr 07 00:45:25 CEST 2014";"#Monde";"@JuvenalBabona";"0";"2";"RT";"@JoKristal:";"On";"senfout";"completement";"k";"la";"France";"commemore";"ou";"pas!!";"Apres";"tt";"commemorer";"cest";"pas";"assiter";"devant";"les";"media";"a";"un";"evenem…"
"452940158267305984";"Mon Apr 07 00:45:23 CEST 2014";"Toulouse ";"@Elmander_Tolosa";"0";"4";"RT";"@WWE_Fr:";"“@Marie_Laure74:";"@PhilippeChereau";"@WWE_Fr";"Jen";"ai";"rêvé";"Vous";"lavez";"fait";"!";"Enjoy!!!";"Toute";"la";"France";"est";"derrière";"vous”";"#P…"
"452940108120211458";"Mon Apr 07 00:45:11 CEST 2014";"Marseille";"@Polo13011";"0";"0";"@Lamartsticot";"@Julia_Shwtz";"la";"délinquance";"est";"entre";"autre";"du";"a";"la";"pauvreté";"que";"la";"France";"laisse";"grandir"
"452940097487654912";"Mon Apr 07 00:45:09 CEST 2014";"argenteuil";"@bettyfouqueray";"0";"6";"RT";"@PRland:";"La";"pub";"qui";"met";"@iansomerhalder";"en";"TT";"France";"";"#AzzaroPourHomme"
"452940095285645312";"Mon Apr 07 00:45:08 CEST 2014";"Amiens";"@XavierFluet";"0";"24";"RT";"@JeanLucRomero:";"Dernières";"heures";"pour";"le";"#Sidaction2014";":";"faites";"vos";"promesses";"de";"dons";"au";"110";"150000";"personnes";"vivent";"avec";"le";"#vih";"en";"F…"
"452940088142749696";"Mon Apr 07 00:45:06 CEST 2014";"Paris ";"@Mc_Kriis";"0";"1";"RT";"@Cayan_CK:";"@Mc_Kriis";"Di";"leur";"le";"nivo";"de";"notr";"class";"wallah";"est";"ske";"une";"classe";"en";"france";"a";"niké";"une";"makete";"a";"12000";"palo";"?";"ki";"f";"d";"batail";"de…"
"452940076826521600";"Mon Apr 07 00:45:04 CEST 2014";"Lyon - Bretagne";"@RemBzhGone";"0";"1";"@PhilippeChereau";"@WWE_Fr";"vraiment";"la";"classe";"fier";"de";"vous";"avoir";"comme";"commentateurs";"pour";"la";"France";"!!!";"Profitez";"bien";"!!!";"#PPVAB1"
"452940076159602688";"Mon Apr 07 00:45:04 CEST 2014";"";"@GoogleGlassFan";"0";"1";"RT";"@skontald:";"Des";"Google";"Glass";"en";"vente";"en";"France";"!";""
"452940068173668352";"Mon Apr 07 00:45:02 CEST 2014";"Fougères";"@fifi5035";"0";"2";"RT";"@Gege_BZH:";"Franchement";"si";"la";"France";"rencontre";"cet";"USA";"là";"Ce";"ne";"sera";"même";"pas";"drôle";"Trop";"facile";"pour";"la";"France"
"452940059344633857";"Mon Apr 07 00:45:00 CEST 2014";"France";"@breizh2008";"0";"6";"RT";"@Contrepoints:";"La";"flat";"tax";"n’a";"rien";"d’impossible";"même";"en";"France";"De";"nombreux";"pays";"l’ont";"déjà";"mise";"en";"place";"avec";"succès";"#fiscalité";"http…"
"452940033830703105";"Mon Apr 07 00:44:53 CEST 2014";"Amsterdam";"@AmsterdamVelo";"0";"3";"RT";"@Skyscanner_FR:";"Partez";"à";"#Amsterdam";"en";"avril";"à";"partir";"de";"76€";"A/R";"seulement!";"";""
"452940031674429440";"Mon Apr 07 00:44:53 CEST 2014";"Haiti";"@NetPlezi";"0";"0";"Top";"10";"en";"France";":";"1)";"Paris";"SG";"79pts";"-";"2)";"Monaco";"66pts";"-";"3)";"Lille";"60pts";"-";"4)";"St";"Eteinne";"55pts";"-";"5)";"Lyon";"51pts"
"452940012246818816";"Mon Apr 07 00:44:48 CEST 2014";"paris";"@jeannepicart";"0";"0";"@rosesouslapluie";"@EdouarddeM";"1";"certaine";"idée";"de";"la";"FRANCE";"";"toute";"la";"FRANCE";"ne";"chasse";"pas";"à";"cour";"que";"je";"sache"
"452940010585870336";"Mon Apr 07 00:44:48 CEST 2014";"Kinshasa";"@CongoRT";"0";"1";"RT";"@Mkasiala:";"EXCLUSIF";"avec";"Kagamé";":";"rôle";"de";"la";"France";"dans";"le";"génocide";"rébellions";"en";"RDC";"et";"assassinat";"des";"oppo";"";"vi…"
"452940009914761216";"Mon Apr 07 00:44:48 CEST 2014";"Paris";"@PLCM";"0";"15";"RT";"@FrancoisArielle:";"C";"ministre";"ÇA?et";"ose";"dire";":Racines";"chrétiennes";"=";"histoire";"frelatée";"&";"France";"nauséeuseDIFFAMATION?SCANDALEUX?http…"
"452940004768362496";"Mon Apr 07 00:44:47 CEST 2014";"";"@Melle_VIP";"0";"0";"@intarder";"bah";"justement";"la";"france";"le";"fait";"pas";"avec";"tout";"le";"monde!"
"452939986913218560";"Mon Apr 07 00:44:42 CEST 2014";"New York";"@Kaalou_";"0";"0";"Dernier";"soir";"en";"France";"vous";"allez";"mmanquer"
"452939971285233665";"Mon Apr 07 00:44:39 CEST 2014";"";"@James7231";"0";"6";"RT";"@PRland:";"La";"pub";"qui";"met";"@iansomerhalder";"en";"TT";"France";"";"#AzzaroPourHomme"
"452939968277905409";"Mon Apr 07 00:44:38 CEST 2014";"Monaco";"@IbnSalah";"0";"6";"RT";"@tibeoh:";"Douce";"France";"#M6";"#EnqueteExclusive";"#EE";""
"452939953216176129";"Mon Apr 07 00:44:34 CEST 2014";"";"@JEROME7713";"0";"4";"RT";"@WWE_Fr:";"“@Marie_Laure74:";"@PhilippeChereau";"@WWE_Fr";"Jen";"ai";"rêvé";"Vous";"lavez";"fait";"!";"Enjoy!!!";"Toute";"la";"France";"est";"derrière";"vous”";"#P…"
"452939950879936513";"Mon Apr 07 00:44:34 CEST 2014";"";"@Cayan_CK";"0";"1";"@Mc_Kriis";"Di";"leur";"le";"nivo";"de";"notr";"class";"wallah";"est";"ske";"une";"classe";"en";"france";"a";"niké";"une";"makete";"a";"12000";"palo";"?";"ki";"f";"d";"batail";"de";"chalumo?";"mdrrr"
"452939931095011328";"Mon Apr 07 00:44:29 CEST 2014";"Ploufragan, Côtes d'Armor";"@Xavb22";"0";"0";"Fillette";"tuée";"à";"Lodève";"Un";"adolescent";"écroué";"pour";"meurtre";"et";"viol:";"Un";"adolescent";"de";"16";"ans";"a";"";"";"via";"@ouestfrance"
"452939915878486016";"Mon Apr 07 00:44:25 CEST 2014";"";"@LesHunters";"0";"4";"RT";"@WWE_Fr:";"“@Marie_Laure74:";"@PhilippeChereau";"@WWE_Fr";"Jen";"ai";"rêvé";"Vous";"lavez";"fait";"!";"Enjoy!!!";"Toute";"la";"France";"est";"derrière";"vous”";"#P…"
"452939907863179264";"Mon Apr 07 00:44:23 CEST 2014";"";"@nalyssah";"0";"0";"Mais";"le";"plus";"important";"cest";"mon";"retour";"en";"FranceComment";"certaines";"personnes";"me";"manquentJles";"boufferai";"carrément"
"452939897058631680";"Mon Apr 07 00:44:21 CEST 2014";"";"@NellyNkunda";"0";"3";"RT";"@MickaelOllier:";"Génocide";"des";"Tutsi";"au";"Rwanda";"La";"#France";"doit";"prendre";"sa";"part";"de";"responsabilités";"Cest";"une";"nécessité!";"#Kigali";"#Rwanda";"#…"
"452939889903169537";"Mon Apr 07 00:44:19 CEST 2014";"";"@SalafyaUmm971";"0";"0";"@Hijama_France";"quel";"honte";"soubhanaAllah";"cette";"oumma";"deviens";"grave";"ajib"
"452939882642800640";"Mon Apr 07 00:44:17 CEST 2014";"";"@FMLemoine";"0";"0";"À";"lapproche";"des";"assemblées";"générales";"lAMF";"réédite";"son";"guide";"pour";"les";"actionnaires";"individuels";""
"452939839298863104";"Mon Apr 07 00:44:07 CEST 2014";"Où musique il y a.";"@Its_Doby";"1";"2";"@PhilippeChereau";"@CAgiusILD";"Premiers";"commentateurs";"français";"à";"#Wrestlemania";"montrez";"leur";"comme";"la";"France";"fait";"ça";"!";"#PPVAB1"
"452939836782280704";"Mon Apr 07 00:44:06 CEST 2014";"Paris - France";"@Adrienne2_0";"0";"0";"yes";"@diradefo";"";"mais";"tous";"les";"êtres";"humains";"nont";"pas";"vocation";"à";"vivre";"en";"France";"#CaTiendraPas";"!"
"452939825814200320";"Mon Apr 07 00:44:04 CEST 2014";"Sur mon 31";"@pezzodimerdaa";"0";"1";"RT";"@_UneGarce:";"Il";"faudrais";"une";"bonne";"guerre";"histoire";"de";"remettre";"la";"France";"sur";"pieds"
"452939819203969024";"Mon Apr 07 00:44:02 CEST 2014";"";"@EpargneEnFrance";"0";"0";"Régime";"de";"la";"communauté";"universelle";"protégez";"votre";"conjoint";"!";""
"452939815663960064";"Mon Apr 07 00:44:01 CEST 2014";"";"@EpargneEnFrance";"0";"0";"Couverture";"santé";"des";"étrangers";"expatriés";"en";"France";""
"452939805119504384";"Mon Apr 07 00:43:59 CEST 2014";"France";"@WWE_Fr";"1";"4";"“@Marie_Laure74:";"@PhilippeChereau";"@WWE_Fr";"Jen";"ai";"rêvé";"Vous";"lavez";"fait";"!";"Enjoy!!!";"Toute";"la";"France";"est";"derrière";"vous”";"#PPVAB1"
"452939797850357760";"Mon Apr 07 00:43:57 CEST 2014";"France, Grande Bleue";"@FrenchRedFrog";"0";"3";"RT";"@Bakchich:";"Moscovici";"se";"verrait";"bien";"commissaire…";"|";"Bakchich";"";"#unioneuropeenne"
"452939783141347328";"Mon Apr 07 00:43:54 CEST 2014";"Paris, France";"@baronnet";"0";"0";"peiné";"dapprendre";"le";"décès";"de";"Marie-France";"Jacops";"le";"20";"février";"2014";"dans";"sa";"70e";"année";"";"#culture";"#Lorraine";"#Nancy"
"452939782298284032";"Mon Apr 07 00:43:53 CEST 2014";"France ";"@JamesSonnyC";"0";"0";"Eviter";"les";"mariages";"mixtes";"religieux";"cest";"donner";"une";"force";"a";"Am";"Israelpeu";"importe";"la";"couleur";"du";"frere";"Hazak";"@LDJ_France"
"452939782222393344";"Mon Apr 07 00:43:54 CEST 2014";"Paris";"@Rene_Boustany";"0";"0";"Propos";"HONTEUX";"de";"la";"@LDJ_France";"!";"Mais";"dans";"quel";"monde";"vit-on";"???";""
"452939768070799360";"Mon Apr 07 00:43:50 CEST 2014";"Aurillac";"@MediaSportCreat";"0";"0";"La";"finale";"de";"linternationale";"française";"Hélène";"Janicot";"chez";"elle";"à";"Riom";"pr";"la";"Coupe";"de";"France";"de";"Difficulté";"!";""
"452939748425105408";"Mon Apr 07 00:43:45 CEST 2014";"Corbeil Enghien Domont";"@_UneGarce";"0";"1";"Il";"faudrais";"une";"bonne";"guerre";"histoire";"de";"remettre";"la";"France";"sur";"pieds"
"452939703915139072";"Mon Apr 07 00:43:35 CEST 2014";"Val de Marne";"@sortonsdelUE";"1";"0";"@SissiPatriote";"ça";"veut";"juste";"dire";"que";"la";"France";"est";"diluée";"dans";"lUE";"en";"attendant";"de";"lêtre";"dans";"le";"reste";"du";"monde";"";"#UE";"#reciprocité"
"452939703835426816";"Mon Apr 07 00:43:35 CEST 2014";"Charleville-Mézières";"@Judgedredd08";"0";"0";"Dans";"30";"min";"on";"écrit";"lhistoire";"du";"catch";"en";"France";"avec";"@CAgiusILD";"@PhilippeChereau";"grâce";"à";"@AB1TV"
"452939699771146240";"Mon Apr 07 00:43:34 CEST 2014";"Liège - Avignon";"@Mehdiiii_";"0";"0";"La";"France";"disparaît";"car????";"#FrenchVine2014";"#Anglais";"#english";"#france";"#bitch";"#motherfuckers";"#insulte";"#s";"W"
"452939676786393088";"Mon Apr 07 00:43:28 CEST 2014";"IDF";"@oumsoumaya92";"0";"5";"RT";"@Salatjanazaa:";"Salat";"Janaza";"Mosquée";"de";"Tremblay";"en";"France";"le";"7";"avril";"2014";"à";"10:30";"30";"Avenue";"de";"la";"Résistance";"(Tremblay-en-France";"htt…"
"452939673451909120";"Mon Apr 07 00:43:28 CEST 2014";"#Monde";"@JuvenalBabona";"0";"2";"RT";"@daroulette:";"Pour";"#Kigali";"";"la";"#France";"doit";"regarder";"la";"vérité";"en";"face";"sur";"son";"rôle";"dans";"le";"génocide";"au";"#Rwanda";"…"
"452939662378942464";"Mon Apr 07 00:43:25 CEST 2014";"Paris";"@AmalCurtis";"0";"935";"RT";"@lesxviezvous:";"Le";"verbe";"Zlataner";"inventé";"en";"France";"a";"fait";"son";"entrée";"officielle";"dans";"le";"dictionnaire";"suédois"
"452939645890727936";"Mon Apr 07 00:43:21 CEST 2014";"Worldwide";"@Koran_Inggris";"0";"0";"Frances";"Rwandan";"Genocide-Hunter:";"Dafroza";"Gauthier";""
"452939640828616706";"Mon Apr 07 00:43:20 CEST 2014";"Angers, France";"@intarder";"0";"0";"@Melle_VIP";"Jestime";"que";"la";"France";"devrait";"faire";"pareil"
"452939635581534208";"Mon Apr 07 00:43:18 CEST 2014";"";"@ViicToorii_A";"0";"0";"Im";"at";"Fort-de-France";"(Fort-de-France";"Martinique)";""
"452939634540941312";"Mon Apr 07 00:43:18 CEST 2014";"Paris, France";"@WP75019";"0";"2";"RT";"@PascalBories:";"Mireille";"Flam";"ex-adjointe";"de";"#Delanoë";"et";"#Hidalgo";"condamnée";"aujourdhui";"pour";"favoritisme";":";"";"#Hida…"
"452939630581936129";"Mon Apr 07 00:43:17 CEST 2014";"Lorraine";"@MartheNicolas";"0";"3";"RT";"@coolise:";"@coolise";"#Fillon";"poursuit";"#COPE";"";"de";"sa";"haine";"le";"parti";"les";"militants";"la";"France";"seule";"sa";"gueule";"lui";"importe";"on";"sait";"ce";"quil";"res…"
"452939596935225344";"Mon Apr 07 00:43:09 CEST 2014";"Marseille";"@ganesh13om";"0";"19";"RT";"@jeunefrancaise:";"Au";"Pakistan";"on";"arrête";"un";"bébé";"de";"9";"mois";"pour";"tentative";"de";"meurtreEn";"France";"on";"demande";"à";"#Alix";"de";"se";"disperser";"toute";"…"
"452939596381560833";"Mon Apr 07 00:43:09 CEST 2014";"";"@Cleopatreeeee";"0";"0";"@hafsaozil";"je";"vois";"pas";"de";"quoi";"tu";"parles";"je";"crois";"que";"cest";"le";"temps";"de";"France";"qui";"me";"fait";"beuger"
"452939571597029376";"Mon Apr 07 00:43:03 CEST 2014";"";"@planetoption";"0";"0";"France-Borloo";"renonce";"à";"ses";"mandats";"pour";"raisons";"de";"santé";"-";"";""
"452939561950142465";"Mon Apr 07 00:43:01 CEST 2014";"01000 BOURG EN BRESSE";"@musutien";"0";"0";"Jaime";"une";"vidéo";"@YouTube :";"Danakil";"sur";"France";"Ô";"-";"Le";"ring";"-";"19-04-2013";"à";"ladresse";""
"452939560239243264";"Mon Apr 07 00:43:01 CEST 2014";"Gotham City";"@LocosMaruecos";"0";"0";"@AaliyahDaQueen";"enquête";"exclusif";"cest";"les";"mêmes";"qui";"font";"passer";"les";"arabes";"pour";"les";"plus";"gros";"deliquants";"de";"France"
"452939550135173120";"Mon Apr 07 00:42:58 CEST 2014";"";"@Lucille_France";"0";"0";"Mongolienne";"que";"je";"suis";"je";"vais";"oublier";"encore"
"452939544695177216";"Mon Apr 07 00:42:57 CEST 2014";"Breizh, France";"@Gege_BZH";"1";"2";"Franchement";"si";"la";"France";"rencontre";"cet";"USA";"là";"Ce";"ne";"sera";"même";"pas";"drôle";"Trop";"facile";"pour";"la";"France"
"452939533433454592";"Mon Apr 07 00:42:54 CEST 2014";"Parc des Princes";"@Guez9296";"0";"0";"Cest";"un";"pays";"de";"haineux";"la";"France";"on";"naime";"pas";"voir";"les";"gens";"réussir"
"452939531197906944";"Mon Apr 07 00:42:54 CEST 2014";"Suresnes";"@ClaireGastellu";"0";"935";"RT";"@lesxviezvous:";"Le";"verbe";"Zlataner";"inventé";"en";"France";"a";"fait";"son";"entrée";"officielle";"dans";"le";"dictionnaire";"suédois"
"452939527309762560";"Mon Apr 07 00:42:53 CEST 2014";"France";"@olivia3406";"0";"116";"RT";"@RdeMontauban:";"On";"est";"en";"France";"et";"le";"fait";"que";"nos";"enfants";"puissent";"manger";"du";"porc";"à";"la";"cantine";"fait";"débat";"putain";"cest";"dingue";"o…"
"452939499518300160";"Mon Apr 07 00:42:46 CEST 2014";"Paris , France";"@KaryMisterDS";"0";"1";"RT";"@LouLld:";"Les";"#roms";"la";"seule";"population";"qui";"narrive";"pas";"à";"sintégrer";"en";"France";"Et";"pourtant";"je";"suis";"tolérant"
"452939472834150400";"Mon Apr 07 00:42:40 CEST 2014";"";"@Lucille_France";"0";"0";"Memo:";"penser";"a";"prendre";"la";"blouse";"demain";"matin"
"452939471684907008";"Mon Apr 07 00:42:39 CEST 2014";"Marseille";"@ganesh13om";"0";"45";"RT";"@ldd64:";"La";"région";"de";"Mme";"#Royal";"est";"parmi";"les";"plus";"mauvaises";"sur";"le";"plan";"écologique";"Et";"elle";"ose";"critiquer";"Borloo";"!";"http://tco/cSw5ZtnP…"
"452939452416262144";"Mon Apr 07 00:42:35 CEST 2014";"FRANCE";"@guenotmichel";"0";"6";"RT";"@bruno__1982:";"pourquoi";"des";"gens";"vivant";"dans";"des";"super";"maisons";"avec";"tout";"le";"confort";"viendraient";"creuver";"de";"faim";"et";"de";"froid";"en";"France?#P…"
"452939436947668993";"Mon Apr 07 00:42:31 CEST 2014";"";"@kidfromparis";"0";"0";"@expensiveboyz";"cpas";"e";"france"
"452939432870830080";"Mon Apr 07 00:42:30 CEST 2014";"France";"@Morrigane84";"0";"3";"RT";"@jugraf:";"@PhilippeChereau";"@WWE_Fr";"la";"FRAaaance";"!";"la";"FRANCE";"!";"#ThisIsAwesome";"!";"Le";"Show";"le";"plus";"Shoooooooooow";"!";"#Wtrestlemania";"#ppvAB1"
"452939428282253312";"Mon Apr 07 00:42:29 CEST 2014";"Paris France";"@mercifrance";"0";"2";"RT";"@Clementine_Vend:";"Le";"Guide";"made";"in";"emplois";"une";"application";"pour";"acheter";"100%";"français";"@madeinemplois";"#EmpreinteEmploi";"#MadeInFrance";"-";"h…"
"452939414076129280";"Mon Apr 07 00:42:26 CEST 2014";"Suisse";"@mdan312";"0";"12";"RT";"@vivien_hoch:";"#Européennes";"-";"Il";"va";"être";"strictement";"impossible";"de";"soutenir";"la";"liste";"UMP";"IDF";"en";"Ile-de-France";"si";"@auroreberge";"y";"apparaît"
"452939412260020224";"Mon Apr 07 00:42:25 CEST 2014";"";"@TimiziTimothe";"0";"324";"RT";"@Cyrilhanouna:";"Bravooo";"baba";"@Gael_Monfils";"!";"Félicitations";"a";"lequipe";"de";"france";"#CoupeDavis";"#hanounatennisclub";"@sarcellestennis"
"452939385168994304";"Mon Apr 07 00:42:19 CEST 2014";"Amsterdam";"@AmsterdamVelo";"0";"1";"RT";"@Instameuj:";"En";"fait";"Amsterdam";"cest";"comme";"le";"tour";"de";"France";"ya";"plein";"de";"gens";"fonsdés";"qui";"font";"du";"vélo"
"452939380135841792";"Mon Apr 07 00:42:18 CEST 2014";"France";"@A_Praseodyme";"0";"24";"RT";"@JeanLucRomero:";"Dernières";"heures";"pour";"le";"#Sidaction2014";":";"faites";"vos";"promesses";"de";"dons";"au";"110";"150000";"personnes";"vivent";"avec";"le";"#vih";"en";"F…"
"452939369943687168";"Mon Apr 07 00:42:15 CEST 2014";"France";"@pierrecappelli";"0";"23";"RT";"@iauidf:";"[#StoryMap]";"Panorama";"des";"réseaux";"de";"#tramway";"en";"France";"(26";"en";"service";"4";"en";"projet)";"";"http://tco/984FaFA…"
"452939354542182400";"Mon Apr 07 00:42:11 CEST 2014";"Onbudak Köyü";"@CyriloPalais";"0";"1";"Wesh";"la";"France"
"452939349953613824";"Mon Apr 07 00:42:10 CEST 2014";"";"@The_King_Of_LA";"1";"0";"@MarvinLastKings";"@PhilippeChereau";"@CAgiusILD";"@WWE_Fr";"Oue";"mais";"juste";"de";"les";"voir";"ça";"fait";"super";"plaisir";"enfin";"la";"France";"a";"Wrestlemania"
"452939349492256768";"Mon Apr 07 00:42:10 CEST 2014";"06400 cannes  france";"@sarahc351";"0";"0";"Situation";"dinsécurité";"grave";"dans";"50";"à";"80";"quartiers";""
"452939342961704960";"Mon Apr 07 00:42:09 CEST 2014";"Kent, UK";"@scottjanaway";"0";"0";"@CandyTakerz";"la";"tania";"France"
"452939334468255745";"Mon Apr 07 00:42:07 CEST 2014";"";"@MartyB14";"0";"8";"RT";"@Enzofrl:";"La";"plus";"laide";"tortue";"de";"france";"nous";"a";"quitté";":/";"#SuicideChristopheWillem"
"452939330492039168";"Mon Apr 07 00:42:06 CEST 2014";"";"@_Anna_Adr";"0";"2";"RT";"@Lauloche:";"@MelissaZougari";"Retourne";"doù";"tu";"viens";"la";"France";"cest";"pas";"pour";"toi";"?"
"452939320643817472";"Mon Apr 07 00:42:03 CEST 2014";"Bourgogne";"@efbiail";"0";"0";"@Borisleloup";"@david_sillet";"@NasNacera";"Ce";"que";"pense";"@LDJ_France";"#OnSenBranle";"les";"veines";"pas";"con";"comme";"idéesinon";"il";"vous";"reste";"l";"Aliyah"
"452939311437340672";"Mon Apr 07 00:42:01 CEST 2014";"Juste là.";"@Enzofrl";"0";"1";"RT";"@PerrineMidouxxx:";"@Enzofrl:";"La";"plus";"laide";"tortue";"de";"france";"nous";"a";"quitté";":/";"#SuicideChristopheWillemPtdrrr";"je";"suis";"morte";"!";"Cest";"chan…"
"452939296597889024";"Mon Apr 07 00:41:58 CEST 2014";"La Provence ";"@VivianeNaim";"0";"15";"RT";"@FrancoisArielle:";"C";"ministre";"ÇA?et";"ose";"dire";":Racines";"chrétiennes";"=";"histoire";"frelatée";"&";"France";"nauséeuseDIFFAMATION?SCANDALEUX?http…"
"452939293640896512";"Mon Apr 07 00:41:57 CEST 2014";"";"@Anolie_ab";"0";"0";"La";"France";"&";"la";"Belgique";"nont";"rien";"fait";"pour";"venir";"en";"aide";"au";"Rwenda";"non";"plus"
"452939287810826240";"Mon Apr 07 00:41:56 CEST 2014";"";"@_mf_fafa";"0";"33";"RT";"@FlorentManaudou:";"J-4";"avant";"les";"Championnats";"de";"France";"de";"natation";"à";"Chartres!";"Venez";"nombreux";"pour";"nous";"soutenir";"!!!!"
"452939285491363841";"Mon Apr 07 00:41:55 CEST 2014";"Paris";"@uw_France";"0";"0";"Un";"adolescent";"déféré";"après";"le";"meurtre";"dune";"fillette";"dans";"lHérault";"";""
"452939273080434688";"Mon Apr 07 00:41:52 CEST 2014";"France";"@Patriote_83";"0";"15";"RT";"@FrancoisArielle:";"C";"ministre";"ÇA?et";"ose";"dire";":Racines";"chrétiennes";"=";"histoire";"frelatée";"&";"France";"nauséeuseDIFFAMATION?SCANDALEUX?http…"
"452939255074271232";"Mon Apr 07 00:41:48 CEST 2014";"Monaco Principality";"@skontald";"0";"1";"Des";"Google";"Glass";"en";"vente";"en";"France";"!";""
"452939211071840256";"Mon Apr 07 00:41:37 CEST 2014";"Paris France";"@mercifrance";"0";"6";"RT";"@LancelotPecquet:";"Lappli";"@madeinemplois";"/";"@CFECGC";"permet";"de";"connaitre";"limpact";"de";"mes";"achats";"sur";"l#emploi";"en";"France";"http://tco/M2AImG…"
"452939195183816704";"Mon Apr 07 00:41:33 CEST 2014";"dc|ny";"@dylanthegypsy";"0";"0";"@meowalem";"Ethiopia";"or";"France?"
"452939194634338304";"Mon Apr 07 00:41:33 CEST 2014";"";"@loiktango";"0";"0";"Tu";"vas";"dormir";"en";"France";"et";"te";"réveiller";"en";"Grèce"
"452939189492137984";"Mon Apr 07 00:41:32 CEST 2014";"";"@PerrineMidouxxx";"1";"1";"@Enzofrl:";"La";"plus";"laide";"tortue";"de";"france";"nous";"a";"quitté";":/";"#SuicideChristopheWillemPtdrrr";"je";"suis";"morte";"!";"Cest";"chan-mé";"mais";"vrai";":/"
"452939186719715329";"Mon Apr 07 00:41:31 CEST 2014";"Lille - Paris";"@Le_Bastion";"0";"0";"@FrDesouche";"avant";"de";"voir";"la";"poignée";"de";"la";"casserole";"jai";"cru";"que";"cétait";"un";"croissant";"islamique";"enserrant";"la";"France"
"452939183435563008";"Mon Apr 07 00:41:31 CEST 2014";"";"@Actu_France";"0";"0";"Ligue";"1";":";"Monaco";"retarde";"le";"sacre";"du";"PSG";"Saint-Etienne";"piétine";"Lyon";"recolle";""
"452939176728461313";"Mon Apr 07 00:41:29 CEST 2014";"Marseille";"@ganesh13om";"0";"22";"RT";"@FranceEnGuerre:";"#honte";"@makarios2000:";"cest";"ça";"la";"France";"de";"#Hollande";"et";"#Valls";"une";"insulte";"à";"la";"justice";"et";"à";"lintelligence";"";"http…"
"452939161029599232";"Mon Apr 07 00:41:25 CEST 2014";"globe loveuse";"@anyesway";"0";"0";"@Mehdin_France";"merci";"beaucoup";"!"
"452939156759789568";"Mon Apr 07 00:41:25 CEST 2014";"";"@LCedelle";"0";"1";"RT";"@audelorriaux:";"La";"formule";"théorie";"du";"genre";"ne";"veut";"rien";"dire";"dixit";"un";"responsable";"de";"la";"Conférence";"des";"évêques";"de";"France";"http://tco/…"
"452939154792656896";"Mon Apr 07 00:41:24 CEST 2014";"Tehran - Iran";"@LylaGhan";"0";"6";"RT";"@ArvinAdib:";"@senateur61";"Mme";"la";"SénatriceMême";"si";"@FranceenIran";"ne";"vous";"suit";"pas";"sur";"twitter";"vous";"êtes";"à";"nos";"yeuxla";"VRAIE";"Ambassadrice";"…"
"452939149688184832";"Mon Apr 07 00:41:23 CEST 2014";"Paris France";"@mercifrance";"0";"1";"RT";"@nonesofar13:";"Lapplication";"dédicace";"pour";"Montebourg!!#emplois";"#chômage";"#Android";"";"#découverte";"#courbeduchomage";"#francehttps://tco/O…"
"452939142276857858";"Mon Apr 07 00:41:21 CEST 2014";"France";"@missionfr";"0";"15";"RT";"@FrancoisArielle:";"C";"ministre";"ÇA?et";"ose";"dire";":Racines";"chrétiennes";"=";"histoire";"frelatée";"&";"France";"nauséeuseDIFFAMATION?SCANDALEUX?http…"
"452939126208479232";"Mon Apr 07 00:41:17 CEST 2014";"";"@MmreTatie";"0";"0";"@Polo13011";"Les";"aides";"sont";"versées";"à";"la";"Roumanie";"la";"France";"ne";"peut";"pas";"héberger";"toute";"la";"misère";"du";"mondeEnfin";"libre";"à";"vous";"den";"prendre";"!"
"452939109078949888";"Mon Apr 07 00:41:13 CEST 2014";"Limoges";"@kevincalmo";"0";"2";"RT";"@TeamCreezy:";"#LePartiCyranisteAPritLePouvoir";"Je";"suis";"le";"ministre";"des";"Chicha";"/";"beurettes";"/";"Bicraveur";"VIVE";"LA";"FRANCE";"DE";"CYRANO"
"452939108856655872";"Mon Apr 07 00:41:13 CEST 2014";"Paris - France";"@RoblesNatalia";"0";"1";"RT";"@thomasjkerjean:";"En";"France";"seuls";"2";"%";"des";"moins";"de";"30";"ans";"disent";"être";"«";"engagés";"politiquement";"»";"";"via";"@lemondefr"
"452939100887453697";"Mon Apr 07 00:41:11 CEST 2014";"Paris ";"@Mc_Kriis";"0";"1";"RT";"@Cayan_CK:";"@Mc_Kriis";"Jonas";"cest";"le";"plus";"marrant";"dile";"de";"france";"attent";"demain";"je";"vai";"ke";"snaper";"sa";"tete"
"452939093987823616";"Mon Apr 07 00:41:09 CEST 2014";"Disneyland Paris";"@DzekoAlexandre";"0";"3";"RT";"@jugraf:";"@PhilippeChereau";"@WWE_Fr";"la";"FRAaaance";"!";"la";"FRANCE";"!";"#ThisIsAwesome";"!";"Le";"Show";"le";"plus";"Shoooooooooow";"!";"#Wtrestlemania";"#ppvAB1"
"452939091705745408";"Mon Apr 07 00:41:09 CEST 2014";"";"@JustinienK";"0";"0";"Lambassadeur";"français";"sera";"présent";"aux";"commémorations";"du";"génocide";"rwandais";"";"via";"@lemondefr"
"452939088233234432";"Mon Apr 07 00:41:08 CEST 2014";"République Québécoise";"@LouisVilleneuve";"0";"0";"@belle_province";"Ça";"fait";"400ans";"quil";"y";"a";"des";"indépendantistes";"contre";"la";"FrancelAngleterre";"et";"le";"Canada";"Il";"y";"en";"aura";"toujours";":)"
"452939078112391168";"Mon Apr 07 00:41:06 CEST 2014";"France";"@Thatsomeshit1";"0";"3";"RT";"@bruno__1982:";"propagande";"ignoble";"des";"médias";"Français";"anti";"#romsLa";"majorité";"est";"en";"France";"car";":1)";"chassé";"par";"lextrème";"droite2)";"enrolé…"
"452939072928227328";"Mon Apr 07 00:41:04 CEST 2014";"";"@Steffy__P";"0";"36";"RT";"@P_etudiant:";"Palmarès";"des";"Lycées";":";"le";"Top";"100";"des";"meilleurs";"lycées";"denseignement";"Général";"et";"Techno";"de";"France";"!";""
"452939052359376897";"Mon Apr 07 00:40:59 CEST 2014";"Océans";"@biscalou";"0";"9";"RT";"@GerbertRambaud:";"Grâce";"à";"la";"politique";"de";"Hollande";"la";"France";"est";"sous";"surveillance";"renforcée";"par";"Bruxelles";"comme";"la";"Slovénieles";"2";"seuls…"
"452939042154610688";"Mon Apr 07 00:40:57 CEST 2014";"";"@Alyyssiaa0";"0";"1";"RT";"@class_be:";"Pleins";"de";"beaux";"mecs";"me";"suivent";"mais";"ils";"viennent";"de";"Paris";"dautres";"coins";"de";"la";"France";"ou";"de";"lautre";"bout";"du";"mon";"mais";"Metz";"pe…"
"452939015336247296";"Mon Apr 07 00:40:51 CEST 2014";"Toulouse";"@31Madara";"0";"0";"Le";"problème";"en";"France";"cest";"que";"les";"gens";"vote";"pour";"des";"personnes";"et";"en";"fonction";"de";"leurs";"carte";"membre";"plutôt";"que";"pour";"des";"idées";"#PaysDeCons"
"452939012823863296";"Mon Apr 07 00:40:50 CEST 2014";"Voie 9 ¾ - Paris";"@RLeMagnifique";"0";"2";"RT";"@TeamCreezy:";"#LePartiCyranisteAPritLePouvoir";"Je";"suis";"le";"ministre";"des";"Chicha";"/";"beurettes";"/";"Bicraveur";"VIVE";"LA";"FRANCE";"DE";"CYRANO"
"452939006691397632";"Mon Apr 07 00:40:49 CEST 2014";"Brisbane";"@dgunsberg";"0";"1";"RT";"@Paul_O_Williams:";"France";"pulls";"out";"of";"Rwandan";"genocide";"commemoration";"after";"complicity";"accusations";"";"#France";"#Rwandan"
"452938997652676608";"Mon Apr 07 00:40:46 CEST 2014";"";"@greeneyesishell";"0";"0";"Le";"mec";"qui";"chaff";"la";"France";"entière";"Réveille";"toi";"thabites";"a";"tlse";"mec";"mdrrr"
"452938987871928321";"Mon Apr 07 00:40:44 CEST 2014";"Rhône (69)";"@MerwanPG";"0";"3";"RT";"@bruno__1982:";"propagande";"ignoble";"des";"médias";"Français";"anti";"#romsLa";"majorité";"est";"en";"France";"car";":1)";"chassé";"par";"lextrème";"droite2)";"enrolé…"
"452938984285798400";"Mon Apr 07 00:40:43 CEST 2014";"";"@Michial5bt0Gods";"0";"0";"France";"qui";"arrive";"tant";"bien";"que";"mal";"a";"conserver";"le";"Ballon";"TweetMatc"
"452938983224655872";"Mon Apr 07 00:40:43 CEST 2014";"Océans";"@biscalou";"0";"5";"RT";"@cecilebayle2j:";"On";"vous";"y";"attend";"nombreux";"!";"Nous";"avons";"rendez";"vous";"avec";"la";"France";""
"452938973540020224";"Mon Apr 07 00:40:41 CEST 2014";"Paris France";"@mercifrance";"0";"1";"RT";"@madeinemplois:";"@AlexandreJardin";"téléchargez";"lappli";"@madeinemplois";"loutil";"daction";"des";"charlistes:";"";"";"et";"bravo…"
"452938967940218880";"Mon Apr 07 00:40:39 CEST 2014";"Bontang - kalimantan timur";"@Fachrurrozy__";"0";"0";"Frances";"Rwandan";"Genocide-Hunter:";"Dafroza";"Gauthier";""
"452938966883254272";"Mon Apr 07 00:40:39 CEST 2014";"";"@fucktec";"0";"0";"Frances";"Rwandan";"Genocide-Hunter:";"Dafroza";"Gauthier";""
"452938965952106496";"Mon Apr 07 00:40:39 CEST 2014";"";"@PolitiFreakCom";"0";"0";"Frances";"Rwandan";"Genocide-Hunter:";"Dafroza";"Gauthier";""
"452938957995929600";"Mon Apr 07 00:40:37 CEST 2014";"";"@Gaetan_Perrier";"0";"0";"JT";"de";"20h";"du";"dimanche";"6";"avril";"2014";""
"452938951930970112";"Mon Apr 07 00:40:36 CEST 2014";"? blanche ?";"@rundleasy";"0";"0";"javais";"oublié";"pendant";"un";"cour";"instant";"que";"mes";"amours";"étaient";"en";"France";"today";":-)"
"452938950844235776";"Mon Apr 07 00:40:35 CEST 2014";"New York, NY";"@AllTheBestNews";"0";"0";"Frances";"Rwandan";"Genocide-Hunter:";"Dafroza";"Gauthier";""
"452938940010733569";"Mon Apr 07 00:40:33 CEST 2014";"France";"@WWE_Fr";"0";"3";"RT";"@jugraf:";"@PhilippeChereau";"@WWE_Fr";"la";"FRAaaance";"!";"la";"FRANCE";"!";"#ThisIsAwesome";"!";"Le";"Show";"le";"plus";"Shoooooooooow";"!";"#Wtrestlemania";"#ppvAB1"
"452938931924131840";"Mon Apr 07 00:40:31 CEST 2014";"Fréjus - Montigny-lès-Metz.";"@Axedu57";"0";"3";"RT";"@FCPR92:";"@FCPR92";"Le";"Plessis-Robinson";"sincline";"5";"buts";"à";"1";"contre";"le";"Variétés";"Club";"de";"France";"de";"Romarin";"Billong";"@lequipedusoir";"http://tc…"
"452938924026265600";"Mon Apr 07 00:40:29 CEST 2014";"À l'Ouest";"@JoakimHarmal";"0";"0";"@EA_FIFA_France";"Bonsoir";"sur";"FUT";"la";"barre";"verte";"Collectif";"influe-elle";"réellement";"sur";"le";"jeu?";"Quelle";"différence";"entre";"un";"coll";"à";"100";"ou";"70?"
"452938905386754049";"Mon Apr 07 00:40:24 CEST 2014";"";"@RedZone_France";"0";"0";"Jannonce";"officiellement";"que";"nous";"rentrons";"chez";"@ViralResurgence";"en";"tant";"que";"roster";"eS/BS";"On";"représente";"toujours";"la";"@SpirituaLeSport";"!"
"452938902157131776";"Mon Apr 07 00:40:24 CEST 2014";"";"@Jdunhills75";"0";"0";"@JMDeLyon";"wesh";"tu";"te";"branle";"sur";"la";"France";"et";"sur";"#marineLePenLaChatteATaGrandMere"
"452938899476983808";"Mon Apr 07 00:40:23 CEST 2014";"Paris";"@AmelyDeCastro";"0";"0";"En";"France";"il";"nous";"faut";"50";"experts";"pr";"savoir";"si";"c";"1";"ou";"2";"armes";"qui";"st";"impliquées";"Cest";"pas";"dlincompétence";"c";"juste";"pr";"être";"sûr";"à";"100%";"#FELA"
"452938878337703936";"Mon Apr 07 00:40:18 CEST 2014";"Marseille";"@ganesh13om";"0";"2";"RT";"@bonapartiste:";"France";"Bonapartiste";"condamne";"le";"vote";"du";"3";"avril";"2014";"par";"lequel";"le";"Parlement";"européen";"accepte";"les";"importations";"http:/…"
